"","Date","Athlete","X45.Degrees.Adduction..LEFT.","X45.Degrees.Adduction..RIGHT."
"1","4/12/2017","Gus Smith",294,297
"2","7/12/2017","Gus Smith",310,315
"3","9/12/2017","Gus Smith",349,360
"4","9/12/2017","Gus Smith",433,412
"5","11/12/2017","Gus Smith",303,307
"6","11/12/2017","Gus Smith",474,457
"7","14/12/2017","Gus Smith",345,354
"8","16/12/2017","Gus Smith",325,336
"9","18/12/2017","Gus Smith",358,395
"10","9/01/2018","Gus Smith",366,373
"11","11/01/2018","Gus Smith",328,331
"12","18/01/2018","Gus Smith",281,278
"13","20/01/2018","Gus Smith",351,375
"14","22/01/2018","Gus Smith",351,367
"15","25/01/2018","Gus Smith",357,357
"16","28/01/2018","Gus Smith",399,392
"17","7/02/2018","Gus Smith",360,391
"18","9/02/2018","Gus Smith",375,379
"19","12/02/2018","Gus Smith",361,389
"20","15/02/2018","Gus Smith",365,381
"21","20/02/2018","Gus Smith",387,391
"22","22/02/2018","Gus Smith",375,394
"23","27/02/2018","Gus Smith",349,363
"24","1/03/2018","Gus Smith",377,397
"25","6/03/2018","Gus Smith",349,364
"26","8/03/2018","Gus Smith",368,414
"27","16/03/2018","Gus Smith",374,395
"28","19/03/2018","Gus Smith",374,408
"29","22/03/2018","Gus Smith",364,393
"30","27/03/2018","Gus Smith",382,420
"31","29/03/2018","Gus Smith",387,391
"32","3/04/2018","Gus Smith",396,421
"33","5/04/2018","Gus Smith",408,438
"34","10/04/2018","Gus Smith",351,357
"35","12/04/2018","Gus Smith",274,273
"36","17/04/2018","Gus Smith",317,325
"37","19/04/2018","Gus Smith",285,280
"38","1/05/2018","Gus Smith",279,292
"39","3/05/2018","Gus Smith",335,347
"40","8/05/2018","Gus Smith",351,369
"41","10/05/2018","Gus Smith",379,380
"42","16/05/2018","Gus Smith",367,382
"43","16/05/2018","Gus Smith",485,502
"44","22/05/2018","Gus Smith",394,404
"45","24/05/2018","Gus Smith",368,387
"46","29/05/2018","Gus Smith",398,422
"47","31/05/2018","Gus Smith",372,398
"48","6/06/2018","Gus Smith",342,381
"49","11/06/2018","Gus Smith",445,439
"50","13/06/2018","Gus Smith",301,308
"51","19/06/2018","Gus Smith",308,309
"52","21/06/2018","Gus Smith",333,359
"53","27/06/2018","Gus Smith",351,363
"54","3/07/2018","Gus Smith",331,332
"55","5/07/2018","Gus Smith",365,381
"56","14/11/2017","Dudley Jones",315,312
"57","20/11/2017","Dudley Jones",318,316
"58","27/11/2017","Dudley Jones",310,307
"59","30/11/2017","Dudley Jones",327,328
"60","4/12/2017","Dudley Jones",365,360
"61","7/12/2017","Dudley Jones",346,363
"62","11/12/2017","Dudley Jones",306,322
"63","14/12/2017","Dudley Jones",293,313
"64","18/12/2017","Dudley Jones",345,357
"65","9/01/2018","Dudley Jones",301,317
"66","11/01/2018","Dudley Jones",295,302
"67","15/01/2018","Dudley Jones",317,323
"68","22/01/2018","Dudley Jones",355,348
"69","28/01/2018","Dudley Jones",377,377
"70","30/01/2018","Dudley Jones",281,283
"71","7/02/2018","Dudley Jones",343,382
"72","9/02/2018","Dudley Jones",333,349
"73","12/02/2018","Dudley Jones",299,297
"74","15/02/2018","Dudley Jones",322,341
"75","17/02/2018","Dudley Jones",347,365
"76","20/02/2018","Dudley Jones",312,327
"77","22/02/2018","Dudley Jones",319,333
"78","27/02/2018","Dudley Jones",329,343
"79","1/03/2018","Dudley Jones",335,351
"80","6/03/2018","Dudley Jones",335,356
"81","8/03/2018","Dudley Jones",329,338
"82","16/03/2018","Dudley Jones",333,347
"83","19/03/2018","Dudley Jones",347,359
"84","22/03/2018","Dudley Jones",329,335
"85","27/03/2018","Dudley Jones",323,333
"86","29/03/2018","Dudley Jones",352,354
"87","3/04/2018","Dudley Jones",409,414
"88","5/04/2018","Dudley Jones",400,401
"89","10/04/2018","Dudley Jones",355,376
"90","12/04/2018","Dudley Jones",346,365
"91","17/04/2018","Dudley Jones",329,344
"92","19/04/2018","Dudley Jones",333,354
"93","25/04/2018","Dudley Jones",300,305
"94","25/04/2018","Dudley Jones",333,346
"95","1/05/2018","Dudley Jones",322,339
"96","3/05/2018","Dudley Jones",298,309
"97","8/05/2018","Dudley Jones",305,315
"98","10/05/2018","Dudley Jones",308,330
"99","16/05/2018","Dudley Jones",346,369
"100","22/05/2018","Dudley Jones",334,351
"101","13/06/2018","Dudley Jones",280,291
"102","14/11/2017","Bobby Lewis",409,415
"103","25/11/2017","Bobby Lewis",446,443
"104","27/11/2017","Bobby Lewis",471,465
"105","30/11/2017","Bobby Lewis",420,429
"106","4/12/2017","Bobby Lewis",473,481
"107","7/12/2017","Bobby Lewis",433,435
"108","11/12/2017","Bobby Lewis",468,468
"109","14/12/2017","Bobby Lewis",415,420
"110","18/12/2017","Bobby Lewis",444,442
"111","9/01/2018","Bobby Lewis",473,490
"112","11/01/2018","Bobby Lewis",427,439
"113","15/01/2018","Bobby Lewis",471,473
"114","18/01/2018","Bobby Lewis",460,466
"115","22/01/2018","Bobby Lewis",449,458
"116","25/01/2018","Bobby Lewis",483,482
"117","28/01/2018","Bobby Lewis",480,472
"118","30/01/2018","Bobby Lewis",368,367
"119","7/02/2018","Bobby Lewis",471,476
"120","9/02/2018","Bobby Lewis",497,485
"121","12/02/2018","Bobby Lewis",494,508
"122","15/02/2018","Bobby Lewis",497,473
"123","17/02/2018","Bobby Lewis",445,430
"124","20/02/2018","Bobby Lewis",405,405
"125","27/02/2018","Bobby Lewis",480,484
"126","1/03/2018","Bobby Lewis",500,449
"127","6/03/2018","Bobby Lewis",482,486
"128","8/03/2018","Bobby Lewis",504,477
"129","13/03/2018","Bobby Lewis",502,466
"130","16/03/2018","Bobby Lewis",469,474
"131","19/03/2018","Bobby Lewis",500,500
"132","22/03/2018","Bobby Lewis",486,479
"133","27/03/2018","Bobby Lewis",451,467
"134","29/03/2018","Bobby Lewis",478,478
"135","3/04/2018","Bobby Lewis",467,472
"136","5/04/2018","Bobby Lewis",495,475
"137","10/04/2018","Bobby Lewis",446,443
"138","12/04/2018","Bobby Lewis",479,484
"139","19/04/2018","Bobby Lewis",455,462
"140","25/04/2018","Bobby Lewis",454,479
"141","1/05/2018","Bobby Lewis",453,463
"142","3/05/2018","Bobby Lewis",419,446
"143","8/05/2018","Bobby Lewis",463,471
"144","10/05/2018","Bobby Lewis",486,500
"145","16/05/2018","Bobby Lewis",436,473
"146","22/05/2018","Bobby Lewis",487,486
"147","29/05/2018","Bobby Lewis",463,487
"148","31/05/2018","Bobby Lewis",471,462
"149","6/06/2018","Bobby Lewis",445,475
"150","11/06/2018","Bobby Lewis",467,500
"151","19/06/2018","Bobby Lewis",502,481
"152","21/06/2018","Bobby Lewis",477,484
"153","27/06/2018","Bobby Lewis",492,481
"154","30/11/2017","Tom Rivers",445,441
"155","7/12/2017","Tom Rivers",431,430
"156","11/12/2017","Tom Rivers",445,453
"157","14/12/2017","Tom Rivers",456,445
"158","18/12/2017","Tom Rivers",475,482
"159","9/01/2018","Tom Rivers",504,505
"160","11/01/2018","Tom Rivers",459,469
"161","15/01/2018","Tom Rivers",499,505
"162","18/01/2018","Tom Rivers",539,549
"163","22/01/2018","Tom Rivers",503,522
"164","25/01/2018","Tom Rivers",521,514
"165","28/01/2018","Tom Rivers",533,536
"166","30/01/2018","Tom Rivers",502,497
"167","7/02/2018","Tom Rivers",487,499
"168","9/02/2018","Tom Rivers",482,485
"169","12/02/2018","Tom Rivers",507,516
"170","15/02/2018","Tom Rivers",552,546
"171","20/02/2018","Tom Rivers",515,511
"172","22/02/2018","Tom Rivers",484,481
"173","27/02/2018","Tom Rivers",512,494
"174","1/03/2018","Tom Rivers",544,538
"175","6/03/2018","Tom Rivers",558,575
"176","8/03/2018","Tom Rivers",523,532
"177","16/03/2018","Tom Rivers",505,506
"178","19/03/2018","Tom Rivers",525,512
"179","22/03/2018","Tom Rivers",567,532
"180","27/03/2018","Tom Rivers",482,479
"181","29/03/2018","Tom Rivers",500,515
"182","3/04/2018","Tom Rivers",501,542
"183","5/04/2018","Tom Rivers",516,518
"184","10/04/2018","Tom Rivers",479,502
"185","12/04/2018","Tom Rivers",489,504
"186","17/04/2018","Tom Rivers",537,545
"187","19/04/2018","Tom Rivers",519,523
"188","25/04/2018","Tom Rivers",510,516
"189","1/05/2018","Tom Rivers",491,482
"190","3/05/2018","Tom Rivers",508,521
"191","8/05/2018","Tom Rivers",NA,NA
"192","8/05/2018","Tom Rivers",490,501
"193","10/05/2018","Tom Rivers",455,469
"194","16/05/2018","Tom Rivers",526,537
"195","22/05/2018","Tom Rivers",485,469
"196","29/05/2018","Tom Rivers",486,488
"197","31/05/2018","Tom Rivers",488,481
"198","6/06/2018","Tom Rivers",463,472
"199","11/06/2018","Tom Rivers",519,511
"200","19/06/2018","Tom Rivers",513,487
"201","21/06/2018","Tom Rivers",557,557
"202","27/06/2018","Tom Rivers",537,517
"203","5/07/2018","Tom Rivers",501,487
"204","14/11/2017","Hudson Lee",335,364
"205","20/11/2017","Hudson Lee",403,406
"206","25/11/2017","Hudson Lee",399,433
"207","27/11/2017","Hudson Lee",351,380
"208","30/11/2017","Hudson Lee",409,412
"209","4/12/2017","Hudson Lee",369,385
"210","7/12/2017","Hudson Lee",409,439
"211","11/12/2017","Hudson Lee",405,422
"212","14/12/2017","Hudson Lee",450,465
"213","18/12/2017","Hudson Lee",406,435
"214","9/01/2018","Hudson Lee",365,397
"215","11/01/2018","Hudson Lee",423,440
"216","15/01/2018","Hudson Lee",405,437
"217","18/01/2018","Hudson Lee",438,466
"218","28/01/2018","Hudson Lee",398,392
"219","12/02/2018","Hudson Lee",375,396
"220","17/02/2018","Hudson Lee",386,417
"221","20/02/2018","Hudson Lee",375,406
"222","22/02/2018","Hudson Lee",397,415
"223","27/02/2018","Hudson Lee",418,441
"224","1/03/2018","Hudson Lee",425,463
"225","6/03/2018","Hudson Lee",408,421
"226","8/03/2018","Hudson Lee",477,484
"227","16/03/2018","Hudson Lee",451,466
"228","19/03/2018","Hudson Lee",457,485
"229","22/03/2018","Hudson Lee",451,482
"230","27/03/2018","Hudson Lee",385,410
"231","29/03/2018","Hudson Lee",440,447
"232","3/04/2018","Hudson Lee",393,425
"233","5/04/2018","Hudson Lee",467,496
"234","12/04/2018","Hudson Lee",375,377
"235","1/05/2018","Hudson Lee",375,388
"236","3/05/2018","Hudson Lee",424,446
"237","8/05/2018","Hudson Lee",407,440
"238","10/05/2018","Hudson Lee",408,423
"239","16/05/2018","Hudson Lee",433,444
"240","22/05/2018","Hudson Lee",400,427
"241","24/05/2018","Hudson Lee",396,422
"242","29/05/2018","Hudson Lee",444,452
"243","31/05/2018","Hudson Lee",407,440
"244","6/06/2018","Hudson Lee",394,428
"245","11/06/2018","Hudson Lee",428,440
"246","13/06/2018","Hudson Lee",404,416
"247","19/06/2018","Hudson Lee",418,426
"248","21/06/2018","Hudson Lee",428,449
"249","3/07/2018","Hudson Lee",430,422
"250","5/07/2018","Hudson Lee",426,420
"251","","",NA,NA
"252","","",NA,NA
"253","","",NA,NA
"254","","",NA,NA
"255","","",NA,NA
"256","","",NA,NA
"257","","",NA,NA
"258","","",NA,NA
"259","","",NA,NA
"260","","",NA,NA
"261","","",NA,NA
"262","","",NA,NA
"263","","",NA,NA
"264","","",NA,NA
"265","","",NA,NA
"266","","",NA,NA
"267","","",NA,NA
"268","","",NA,NA
"269","","",NA,NA
"270","","",NA,NA
"271","","",NA,NA
"272","","",NA,NA
"273","","",NA,NA
"274","","",NA,NA
"275","","",NA,NA
"276","","",NA,NA
"277","","",NA,NA
"278","","",NA,NA
"279","","",NA,NA
"280","","",NA,NA
"281","","",NA,NA
"282","","",NA,NA
"283","","",NA,NA
"284","","",NA,NA
"285","","",NA,NA
"286","","",NA,NA
"287","","",NA,NA
"288","","",NA,NA
"289","","",NA,NA
"290","","",NA,NA
"291","","",NA,NA
"292","","",NA,NA
"293","","",NA,NA
"294","","",NA,NA
"295","","",NA,NA
"296","","",NA,NA
"297","","",NA,NA
"298","","",NA,NA
"299","","",NA,NA
"300","","",NA,NA
"301","","",NA,NA
"302","","",NA,NA
"303","","",NA,NA
"304","","",NA,NA
"305","","",NA,NA
"306","","",NA,NA
"307","","",NA,NA
"308","","",NA,NA
"309","","",NA,NA
"310","","",NA,NA
"311","","",NA,NA
"312","","",NA,NA
"313","","",NA,NA
"314","","",NA,NA
"315","","",NA,NA
"316","","",NA,NA
"317","","",NA,NA
"318","","",NA,NA
"319","","",NA,NA
"320","","",NA,NA
"321","","",NA,NA
"322","","",NA,NA
"323","","",NA,NA
"324","","",NA,NA
"325","","",NA,NA
"326","","",NA,NA
"327","","",NA,NA
"328","","",NA,NA
"329","","",NA,NA
"330","","",NA,NA
"331","","",NA,NA
"332","","",NA,NA
"333","","",NA,NA
"334","","",NA,NA
"335","","",NA,NA
"336","","",NA,NA
"337","","",NA,NA
"338","","",NA,NA
"339","","",NA,NA
"340","","",NA,NA
"341","","",NA,NA
"342","","",NA,NA
"343","","",NA,NA
"344","","",NA,NA
"345","","",NA,NA
"346","","",NA,NA
"347","","",NA,NA
"348","","",NA,NA
"349","","",NA,NA
"350","","",NA,NA
"351","","",NA,NA
"352","","",NA,NA
"353","","",NA,NA
"354","","",NA,NA
"355","","",NA,NA
"356","","",NA,NA
"357","","",NA,NA
"358","","",NA,NA
"359","","",NA,NA
"360","","",NA,NA
"361","","",NA,NA
"362","","",NA,NA
"363","","",NA,NA
"364","","",NA,NA
"365","","",NA,NA
"366","","",NA,NA
"367","","",NA,NA
"368","","",NA,NA
"369","","",NA,NA
"370","","",NA,NA
"371","","",NA,NA
"372","","",NA,NA
"373","","",NA,NA
"374","","",NA,NA
"375","","",NA,NA
"376","","",NA,NA
"377","","",NA,NA
"378","","",NA,NA
"379","","",NA,NA
"380","","",NA,NA
"381","","",NA,NA
"382","","",NA,NA
"383","","",NA,NA
"384","","",NA,NA
"385","","",NA,NA
"386","","",NA,NA
"387","","",NA,NA
"388","","",NA,NA
"389","","",NA,NA
"390","","",NA,NA
"391","","",NA,NA
"392","","",NA,NA
"393","","",NA,NA
"394","","",NA,NA
"395","","",NA,NA
"396","","",NA,NA
"397","","",NA,NA
"398","","",NA,NA
"399","","",NA,NA
"400","","",NA,NA
"401","","",NA,NA
"402","","",NA,NA
"403","","",NA,NA
"404","","",NA,NA
"405","","",NA,NA
"406","","",NA,NA
"407","","",NA,NA
"408","","",NA,NA
"409","","",NA,NA
"410","","",NA,NA
"411","","",NA,NA
"412","","",NA,NA
"413","","",NA,NA
"414","","",NA,NA
"415","","",NA,NA
"416","","",NA,NA
"417","","",NA,NA
"418","","",NA,NA
"419","","",NA,NA
"420","","",NA,NA
"421","","",NA,NA
"422","","",NA,NA
"423","","",NA,NA
"424","","",NA,NA
"425","","",NA,NA
"426","","",NA,NA
"427","","",NA,NA
"428","","",NA,NA
"429","","",NA,NA
"430","","",NA,NA
"431","","",NA,NA
"432","","",NA,NA
"433","","",NA,NA
"434","","",NA,NA
"435","","",NA,NA
"436","","",NA,NA
"437","","",NA,NA
"438","","",NA,NA
"439","","",NA,NA
"440","","",NA,NA
"441","","",NA,NA
"442","","",NA,NA
"443","","",NA,NA
"444","","",NA,NA
"445","","",NA,NA
"446","","",NA,NA
"447","","",NA,NA
"448","","",NA,NA
"449","","",NA,NA
"450","","",NA,NA
"451","","",NA,NA
"452","","",NA,NA
"453","","",NA,NA
"454","","",NA,NA
"455","","",NA,NA
"456","","",NA,NA
"457","","",NA,NA
"458","","",NA,NA
"459","","",NA,NA
"460","","",NA,NA
"461","","",NA,NA
"462","","",NA,NA
"463","","",NA,NA
"464","","",NA,NA
"465","","",NA,NA
"466","","",NA,NA
"467","","",NA,NA
"468","","",NA,NA
"469","","",NA,NA
"470","","",NA,NA
"471","","",NA,NA
"472","","",NA,NA
"473","","",NA,NA
"474","","",NA,NA
"475","","",NA,NA
"476","","",NA,NA
"477","","",NA,NA
"478","","",NA,NA
"479","","",NA,NA
"480","","",NA,NA
"481","","",NA,NA
"482","","",NA,NA
"483","","",NA,NA
"484","","",NA,NA
"485","","",NA,NA
"486","","",NA,NA
"487","","",NA,NA
"488","","",NA,NA
"489","","",NA,NA
"490","","",NA,NA
"491","","",NA,NA
"492","","",NA,NA
"493","","",NA,NA
"494","","",NA,NA
"495","","",NA,NA
"496","","",NA,NA
"497","","",NA,NA
"498","","",NA,NA
"499","","",NA,NA
"500","","",NA,NA
"501","","",NA,NA
"502","","",NA,NA
"503","","",NA,NA
"504","","",NA,NA
"505","","",NA,NA
"506","","",NA,NA
"507","","",NA,NA
"508","","",NA,NA
"509","","",NA,NA
"510","","",NA,NA
"511","","",NA,NA
"512","","",NA,NA
"513","","",NA,NA
"514","","",NA,NA
"515","","",NA,NA
"516","","",NA,NA
"517","","",NA,NA
"518","","",NA,NA
"519","","",NA,NA
"520","","",NA,NA
"521","","",NA,NA
"522","","",NA,NA
"523","","",NA,NA
"524","","",NA,NA
"525","","",NA,NA
"526","","",NA,NA
"527","","",NA,NA
"528","","",NA,NA
"529","","",NA,NA
"530","","",NA,NA
"531","","",NA,NA
"532","","",NA,NA
"533","","",NA,NA
"534","","",NA,NA
"535","","",NA,NA
"536","","",NA,NA
"537","","",NA,NA
"538","","",NA,NA
"539","","",NA,NA
"540","","",NA,NA
"541","","",NA,NA
"542","","",NA,NA
"543","","",NA,NA
"544","","",NA,NA
"545","","",NA,NA
"546","","",NA,NA
"547","","",NA,NA
"548","","",NA,NA
"549","","",NA,NA
"550","","",NA,NA
"551","","",NA,NA
"552","","",NA,NA
"553","","",NA,NA
"554","","",NA,NA
"555","","",NA,NA
"556","","",NA,NA
"557","","",NA,NA
"558","","",NA,NA
"559","","",NA,NA
"560","","",NA,NA
"561","","",NA,NA
"562","","",NA,NA
"563","","",NA,NA
"564","","",NA,NA
"565","","",NA,NA
"566","","",NA,NA
"567","","",NA,NA
"568","","",NA,NA
"569","","",NA,NA
"570","","",NA,NA
"571","","",NA,NA
"572","","",NA,NA
"573","","",NA,NA
"574","","",NA,NA
"575","","",NA,NA
"576","","",NA,NA
"577","","",NA,NA
"578","","",NA,NA
"579","","",NA,NA
"580","","",NA,NA
"581","","",NA,NA
"582","","",NA,NA
"583","","",NA,NA
"584","","",NA,NA
"585","","",NA,NA
"586","","",NA,NA
"587","","",NA,NA
"588","","",NA,NA
"589","","",NA,NA
"590","","",NA,NA
"591","","",NA,NA
"592","","",NA,NA
"593","","",NA,NA
"594","","",NA,NA
"595","","",NA,NA
"596","","",NA,NA
"597","","",NA,NA
"598","","",NA,NA
"599","","",NA,NA
"600","","",NA,NA
"601","","",NA,NA
"602","","",NA,NA
"603","","",NA,NA
"604","","",NA,NA
"605","","",NA,NA
"606","","",NA,NA
"607","","",NA,NA
"608","","",NA,NA
"609","","",NA,NA
"610","","",NA,NA
"611","","",NA,NA
"612","","",NA,NA
"613","","",NA,NA
"614","","",NA,NA
"615","","",NA,NA
"616","","",NA,NA
"617","","",NA,NA
"618","","",NA,NA
"619","","",NA,NA
"620","","",NA,NA
"621","","",NA,NA
"622","","",NA,NA
"623","","",NA,NA
"624","","",NA,NA
"625","","",NA,NA
"626","","",NA,NA
"627","","",NA,NA
"628","","",NA,NA
"629","","",NA,NA
"630","","",NA,NA
"631","","",NA,NA
"632","","",NA,NA
"633","","",NA,NA
"634","","",NA,NA
"635","","",NA,NA
"636","","",NA,NA
"637","","",NA,NA
"638","","",NA,NA
"639","","",NA,NA
"640","","",NA,NA
"641","","",NA,NA
"642","","",NA,NA
"643","","",NA,NA
"644","","",NA,NA
"645","","",NA,NA
"646","","",NA,NA
"647","","",NA,NA
"648","","",NA,NA
"649","","",NA,NA
"650","","",NA,NA
"651","","",NA,NA
"652","","",NA,NA
"653","","",NA,NA
"654","","",NA,NA
"655","","",NA,NA
"656","","",NA,NA
"657","","",NA,NA
"658","","",NA,NA
"659","","",NA,NA
"660","","",NA,NA
"661","","",NA,NA
"662","","",NA,NA
"663","","",NA,NA
"664","","",NA,NA
"665","","",NA,NA
"666","","",NA,NA
"667","","",NA,NA
"668","","",NA,NA
"669","","",NA,NA
"670","","",NA,NA
"671","","",NA,NA
"672","","",NA,NA
"673","","",NA,NA
"674","","",NA,NA
"675","","",NA,NA
"676","","",NA,NA
"677","","",NA,NA
"678","","",NA,NA
"679","","",NA,NA
"680","","",NA,NA
"681","","",NA,NA
"682","","",NA,NA
"683","","",NA,NA
"684","","",NA,NA
"685","","",NA,NA
"686","","",NA,NA
"687","","",NA,NA
"688","","",NA,NA
"689","","",NA,NA
"690","","",NA,NA
"691","","",NA,NA
"692","","",NA,NA
"693","","",NA,NA
"694","","",NA,NA
"695","","",NA,NA
"696","","",NA,NA
"697","","",NA,NA
"698","","",NA,NA
"699","","",NA,NA
"700","","",NA,NA
"701","","",NA,NA
"702","","",NA,NA
"703","","",NA,NA
"704","","",NA,NA
"705","","",NA,NA
"706","","",NA,NA
"707","","",NA,NA
"708","","",NA,NA
"709","","",NA,NA
"710","","",NA,NA
"711","","",NA,NA
"712","","",NA,NA
"713","","",NA,NA
"714","","",NA,NA
"715","","",NA,NA
"716","","",NA,NA
"717","","",NA,NA
"718","","",NA,NA
"719","","",NA,NA
"720","","",NA,NA
"721","","",NA,NA
"722","","",NA,NA
"723","","",NA,NA
"724","","",NA,NA
"725","","",NA,NA
"726","","",NA,NA
"727","","",NA,NA
"728","","",NA,NA
"729","","",NA,NA
"730","","",NA,NA
"731","","",NA,NA
"732","","",NA,NA
"733","","",NA,NA
"734","","",NA,NA
"735","","",NA,NA
"736","","",NA,NA
"737","","",NA,NA
"738","","",NA,NA
"739","","",NA,NA
"740","","",NA,NA
"741","","",NA,NA
"742","","",NA,NA
"743","","",NA,NA
"744","","",NA,NA
"745","","",NA,NA
"746","","",NA,NA
"747","","",NA,NA
"748","","",NA,NA
"749","","",NA,NA
"750","","",NA,NA
"751","","",NA,NA
"752","","",NA,NA
"753","","",NA,NA
"754","","",NA,NA
"755","","",NA,NA
"756","","",NA,NA
"757","","",NA,NA
"758","","",NA,NA
"759","","",NA,NA
"760","","",NA,NA
"761","","",NA,NA
"762","","",NA,NA
"763","","",NA,NA
"764","","",NA,NA
"765","","",NA,NA
"766","","",NA,NA
"767","","",NA,NA
"768","","",NA,NA
"769","","",NA,NA
"770","","",NA,NA
"771","","",NA,NA
"772","","",NA,NA
"773","","",NA,NA
"774","","",NA,NA
"775","","",NA,NA
"776","","",NA,NA
"777","","",NA,NA
"778","","",NA,NA
"779","","",NA,NA
"780","","",NA,NA
"781","","",NA,NA
"782","","",NA,NA
"783","","",NA,NA
"784","","",NA,NA
"785","","",NA,NA
"786","","",NA,NA
"787","","",NA,NA
"788","","",NA,NA
"789","","",NA,NA
"790","","",NA,NA
"791","","",NA,NA
"792","","",NA,NA
"793","","",NA,NA
"794","","",NA,NA
"795","","",NA,NA
"796","","",NA,NA
"797","","",NA,NA
"798","","",NA,NA
"799","","",NA,NA
"800","","",NA,NA
"801","","",NA,NA
"802","","",NA,NA
"803","","",NA,NA
"804","","",NA,NA
"805","","",NA,NA
"806","","",NA,NA
"807","","",NA,NA
"808","","",NA,NA
"809","","",NA,NA
"810","","",NA,NA
"811","","",NA,NA
"812","","",NA,NA
"813","","",NA,NA
"814","","",NA,NA
"815","","",NA,NA
"816","","",NA,NA
"817","","",NA,NA
"818","","",NA,NA
"819","","",NA,NA
"820","","",NA,NA
"821","","",NA,NA
"822","","",NA,NA
"823","","",NA,NA
"824","","",NA,NA
"825","","",NA,NA
"826","","",NA,NA
"827","","",NA,NA
"828","","",NA,NA
"829","","",NA,NA
"830","","",NA,NA
"831","","",NA,NA
"832","","",NA,NA
"833","","",NA,NA
"834","","",NA,NA
"835","","",NA,NA
"836","","",NA,NA
"837","","",NA,NA
"838","","",NA,NA
"839","","",NA,NA
"840","","",NA,NA
"841","","",NA,NA
"842","","",NA,NA
"843","","",NA,NA
"844","","",NA,NA
"845","","",NA,NA
"846","","",NA,NA
"847","","",NA,NA
"848","","",NA,NA
"849","","",NA,NA
"850","","",NA,NA
"851","","",NA,NA
"852","","",NA,NA
"853","","",NA,NA
"854","","",NA,NA
"855","","",NA,NA
"856","","",NA,NA
"857","","",NA,NA
"858","","",NA,NA
"859","","",NA,NA
"860","","",NA,NA
"861","","",NA,NA
"862","","",NA,NA
"863","","",NA,NA
"864","","",NA,NA
"865","","",NA,NA
"866","","",NA,NA
"867","","",NA,NA
"868","","",NA,NA
"869","","",NA,NA
"870","","",NA,NA
"871","","",NA,NA
"872","","",NA,NA
"873","","",NA,NA
"874","","",NA,NA
"875","","",NA,NA
"876","","",NA,NA
"877","","",NA,NA
"878","","",NA,NA
"879","","",NA,NA
"880","","",NA,NA
"881","","",NA,NA
"882","","",NA,NA
"883","","",NA,NA
"884","","",NA,NA
"885","","",NA,NA
"886","","",NA,NA
"887","","",NA,NA
"888","","",NA,NA
"889","","",NA,NA
"890","","",NA,NA
"891","","",NA,NA
"892","","",NA,NA
"893","","",NA,NA
"894","","",NA,NA
"895","","",NA,NA
"896","","",NA,NA
"897","","",NA,NA
"898","","",NA,NA
"899","","",NA,NA
"900","","",NA,NA
"901","","",NA,NA
"902","","",NA,NA
"903","","",NA,NA
"904","","",NA,NA
"905","","",NA,NA
"906","","",NA,NA
"907","","",NA,NA
"908","","",NA,NA
"909","","",NA,NA
"910","","",NA,NA
"911","","",NA,NA
"912","","",NA,NA
"913","","",NA,NA
"914","","",NA,NA
"915","","",NA,NA
"916","","",NA,NA
"917","","",NA,NA
"918","","",NA,NA
"919","","",NA,NA
"920","","",NA,NA
"921","","",NA,NA
"922","","",NA,NA
"923","","",NA,NA
"924","","",NA,NA
"925","","",NA,NA
"926","","",NA,NA
"927","","",NA,NA
"928","","",NA,NA
"929","","",NA,NA
"930","","",NA,NA
"931","","",NA,NA
"932","","",NA,NA
"933","","",NA,NA
"934","","",NA,NA
"935","","",NA,NA
"936","","",NA,NA
"937","","",NA,NA
"938","","",NA,NA
"939","","",NA,NA
"940","","",NA,NA
"941","","",NA,NA
"942","","",NA,NA
"943","","",NA,NA
"944","","",NA,NA
"945","","",NA,NA
"946","","",NA,NA
"947","","",NA,NA
"948","","",NA,NA
"949","","",NA,NA
"950","","",NA,NA
"951","","",NA,NA
"952","","",NA,NA
"953","","",NA,NA
"954","","",NA,NA
"955","","",NA,NA
"956","","",NA,NA
"957","","",NA,NA
"958","","",NA,NA
"959","","",NA,NA
"960","","",NA,NA
"961","","",NA,NA
"962","","",NA,NA
"963","","",NA,NA
"964","","",NA,NA
"965","","",NA,NA
"966","","",NA,NA
"967","","",NA,NA
"968","","",NA,NA
"969","","",NA,NA
"970","","",NA,NA
"971","","",NA,NA
"972","","",NA,NA
"973","","",NA,NA
"974","","",NA,NA
"975","","",NA,NA
"976","","",NA,NA
"977","","",NA,NA
"978","","",NA,NA
"979","","",NA,NA
"980","","",NA,NA
"981","","",NA,NA
"982","","",NA,NA
"983","","",NA,NA
"984","","",NA,NA
"985","","",NA,NA
"986","","",NA,NA
"987","","",NA,NA
"988","","",NA,NA
"989","","",NA,NA
"990","","",NA,NA
"991","","",NA,NA
"992","","",NA,NA
"993","","",NA,NA
"994","","",NA,NA
"995","","",NA,NA
"996","","",NA,NA
"997","","",NA,NA
"998","","",NA,NA
"999","","",NA,NA
"1000","","",NA,NA
"1001","","",NA,NA
"1002","","",NA,NA
"1003","","",NA,NA
"1004","","",NA,NA
"1005","","",NA,NA
"1006","","",NA,NA
"1007","","",NA,NA
"1008","","",NA,NA
"1009","","",NA,NA
"1010","","",NA,NA
"1011","","",NA,NA
"1012","","",NA,NA
"1013","","",NA,NA
"1014","","",NA,NA
"1015","","",NA,NA
"1016","","",NA,NA
"1017","","",NA,NA
"1018","","",NA,NA
"1019","","",NA,NA
"1020","","",NA,NA
"1021","","",NA,NA
"1022","","",NA,NA
"1023","","",NA,NA
"1024","","",NA,NA
"1025","","",NA,NA
"1026","","",NA,NA
"1027","","",NA,NA
"1028","","",NA,NA
"1029","","",NA,NA
"1030","","",NA,NA
"1031","","",NA,NA
"1032","","",NA,NA
"1033","","",NA,NA
"1034","","",NA,NA
"1035","","",NA,NA
"1036","","",NA,NA
"1037","","",NA,NA
"1038","","",NA,NA
"1039","","",NA,NA
"1040","","",NA,NA
"1041","","",NA,NA
"1042","","",NA,NA
"1043","","",NA,NA
"1044","","",NA,NA
"1045","","",NA,NA
"1046","","",NA,NA
"1047","","",NA,NA
"1048","","",NA,NA
"1049","","",NA,NA
"1050","","",NA,NA
"1051","","",NA,NA
"1052","","",NA,NA
"1053","","",NA,NA
"1054","","",NA,NA
"1055","","",NA,NA
"1056","","",NA,NA
"1057","","",NA,NA
"1058","","",NA,NA
"1059","","",NA,NA
"1060","","",NA,NA
"1061","","",NA,NA
"1062","","",NA,NA
"1063","","",NA,NA
"1064","","",NA,NA
"1065","","",NA,NA
"1066","","",NA,NA
"1067","","",NA,NA
"1068","","",NA,NA
"1069","","",NA,NA
"1070","","",NA,NA
"1071","","",NA,NA
"1072","","",NA,NA
"1073","","",NA,NA
"1074","","",NA,NA
"1075","","",NA,NA
"1076","","",NA,NA
"1077","","",NA,NA
"1078","","",NA,NA
"1079","","",NA,NA
"1080","","",NA,NA
"1081","","",NA,NA
"1082","","",NA,NA
"1083","","",NA,NA
"1084","","",NA,NA
"1085","","",NA,NA
"1086","","",NA,NA
"1087","","",NA,NA
"1088","","",NA,NA
"1089","","",NA,NA
"1090","","",NA,NA
"1091","","",NA,NA
"1092","","",NA,NA
"1093","","",NA,NA
"1094","","",NA,NA
"1095","","",NA,NA
"1096","","",NA,NA
"1097","","",NA,NA
"1098","","",NA,NA
"1099","","",NA,NA
"1100","","",NA,NA
"1101","","",NA,NA
"1102","","",NA,NA
"1103","","",NA,NA
"1104","","",NA,NA
"1105","","",NA,NA
"1106","","",NA,NA
"1107","","",NA,NA
"1108","","",NA,NA
"1109","","",NA,NA
"1110","","",NA,NA
"1111","","",NA,NA
"1112","","",NA,NA
"1113","","",NA,NA
"1114","","",NA,NA
"1115","","",NA,NA
"1116","","",NA,NA
"1117","","",NA,NA
"1118","","",NA,NA
"1119","","",NA,NA
"1120","","",NA,NA
"1121","","",NA,NA
"1122","","",NA,NA
"1123","","",NA,NA
"1124","","",NA,NA
"1125","","",NA,NA
"1126","","",NA,NA
"1127","","",NA,NA
"1128","","",NA,NA
"1129","","",NA,NA
"1130","","",NA,NA
"1131","","",NA,NA
"1132","","",NA,NA
"1133","","",NA,NA
"1134","","",NA,NA
"1135","","",NA,NA
"1136","","",NA,NA
"1137","","",NA,NA
"1138","","",NA,NA
"1139","","",NA,NA
"1140","","",NA,NA
"1141","","",NA,NA
"1142","","",NA,NA
"1143","","",NA,NA
"1144","","",NA,NA
"1145","","",NA,NA
"1146","","",NA,NA
"1147","","",NA,NA
"1148","","",NA,NA
"1149","","",NA,NA
"1150","","",NA,NA
"1151","","",NA,NA
"1152","","",NA,NA
"1153","","",NA,NA
"1154","","",NA,NA
"1155","","",NA,NA
"1156","","",NA,NA
"1157","","",NA,NA
"1158","","",NA,NA
"1159","","",NA,NA
"1160","","",NA,NA
"1161","","",NA,NA
"1162","","",NA,NA
"1163","","",NA,NA
"1164","","",NA,NA
"1165","","",NA,NA
"1166","","",NA,NA
"1167","","",NA,NA
"1168","","",NA,NA
"1169","","",NA,NA
"1170","","",NA,NA
"1171","","",NA,NA
"1172","","",NA,NA
"1173","","",NA,NA
"1174","","",NA,NA
"1175","","",NA,NA
"1176","","",NA,NA
"1177","","",NA,NA
"1178","","",NA,NA
"1179","","",NA,NA
"1180","","",NA,NA
"1181","","",NA,NA
"1182","","",NA,NA
"1183","","",NA,NA
"1184","","",NA,NA
"1185","","",NA,NA
"1186","","",NA,NA
"1187","","",NA,NA
"1188","","",NA,NA
"1189","","",NA,NA
"1190","","",NA,NA
"1191","","",NA,NA
"1192","","",NA,NA
"1193","","",NA,NA
"1194","","",NA,NA
"1195","","",NA,NA
"1196","","",NA,NA
"1197","","",NA,NA
"1198","","",NA,NA
"1199","","",NA,NA
"1200","","",NA,NA
"1201","","",NA,NA
"1202","","",NA,NA
"1203","","",NA,NA
"1204","","",NA,NA
"1205","","",NA,NA
"1206","","",NA,NA
"1207","","",NA,NA
"1208","","",NA,NA
"1209","","",NA,NA
"1210","","",NA,NA
"1211","","",NA,NA
"1212","","",NA,NA
"1213","","",NA,NA
"1214","","",NA,NA
"1215","","",NA,NA
"1216","","",NA,NA
"1217","","",NA,NA
"1218","","",NA,NA
"1219","","",NA,NA
"1220","","",NA,NA
"1221","","",NA,NA
"1222","","",NA,NA
"1223","","",NA,NA
"1224","","",NA,NA
"1225","","",NA,NA
"1226","","",NA,NA
"1227","","",NA,NA
"1228","","",NA,NA
"1229","","",NA,NA
"1230","","",NA,NA
"1231","","",NA,NA
"1232","","",NA,NA
"1233","","",NA,NA
"1234","","",NA,NA
"1235","","",NA,NA
"1236","","",NA,NA
"1237","","",NA,NA
"1238","","",NA,NA
"1239","","",NA,NA
"1240","","",NA,NA
"1241","","",NA,NA
"1242","","",NA,NA
"1243","","",NA,NA
"1244","","",NA,NA
"1245","","",NA,NA
"1246","","",NA,NA
"1247","","",NA,NA
"1248","","",NA,NA
"1249","","",NA,NA
"1250","","",NA,NA
"1251","","",NA,NA
"1252","","",NA,NA
"1253","","",NA,NA
"1254","","",NA,NA
"1255","","",NA,NA
"1256","","",NA,NA
"1257","","",NA,NA
"1258","","",NA,NA
"1259","","",NA,NA
"1260","","",NA,NA
"1261","","",NA,NA
"1262","","",NA,NA
"1263","","",NA,NA
"1264","","",NA,NA
"1265","","",NA,NA
"1266","","",NA,NA
"1267","","",NA,NA
"1268","","",NA,NA
"1269","","",NA,NA
"1270","","",NA,NA
"1271","","",NA,NA
"1272","","",NA,NA
"1273","","",NA,NA
"1274","","",NA,NA
"1275","","",NA,NA
"1276","","",NA,NA
"1277","","",NA,NA
"1278","","",NA,NA
"1279","","",NA,NA
"1280","","",NA,NA
"1281","","",NA,NA
"1282","","",NA,NA
"1283","","",NA,NA
"1284","","",NA,NA
"1285","","",NA,NA
"1286","","",NA,NA
"1287","","",NA,NA
"1288","","",NA,NA
"1289","","",NA,NA
"1290","","",NA,NA
"1291","","",NA,NA
"1292","","",NA,NA
"1293","","",NA,NA
"1294","","",NA,NA
"1295","","",NA,NA
"1296","","",NA,NA
"1297","","",NA,NA
"1298","","",NA,NA
"1299","","",NA,NA
"1300","","",NA,NA
"1301","","",NA,NA
"1302","","",NA,NA
"1303","","",NA,NA
"1304","","",NA,NA
"1305","","",NA,NA
"1306","","",NA,NA
"1307","","",NA,NA
"1308","","",NA,NA
"1309","","",NA,NA
"1310","","",NA,NA
"1311","","",NA,NA
"1312","","",NA,NA
"1313","","",NA,NA
"1314","","",NA,NA
"1315","","",NA,NA
"1316","","",NA,NA
"1317","","",NA,NA
"1318","","",NA,NA
"1319","","",NA,NA
"1320","","",NA,NA
"1321","","",NA,NA
"1322","","",NA,NA
"1323","","",NA,NA
"1324","","",NA,NA
"1325","","",NA,NA
"1326","","",NA,NA
"1327","","",NA,NA
"1328","","",NA,NA
"1329","","",NA,NA
"1330","","",NA,NA
"1331","","",NA,NA
"1332","","",NA,NA
"1333","","",NA,NA
"1334","","",NA,NA
"1335","","",NA,NA
"1336","","",NA,NA
"1337","","",NA,NA
"1338","","",NA,NA
"1339","","",NA,NA
"1340","","",NA,NA
"1341","","",NA,NA
"1342","","",NA,NA
"1343","","",NA,NA
"1344","","",NA,NA
"1345","","",NA,NA
"1346","","",NA,NA
"1347","","",NA,NA
"1348","","",NA,NA
"1349","","",NA,NA
"1350","","",NA,NA
"1351","","",NA,NA
"1352","","",NA,NA
"1353","","",NA,NA
"1354","","",NA,NA
"1355","","",NA,NA
"1356","","",NA,NA
"1357","","",NA,NA
"1358","","",NA,NA
"1359","","",NA,NA
"1360","","",NA,NA
"1361","","",NA,NA
"1362","","",NA,NA
"1363","","",NA,NA
"1364","","",NA,NA
"1365","","",NA,NA
"1366","","",NA,NA
"1367","","",NA,NA
"1368","","",NA,NA
"1369","","",NA,NA
"1370","","",NA,NA
"1371","","",NA,NA
"1372","","",NA,NA
"1373","","",NA,NA
"1374","","",NA,NA
"1375","","",NA,NA
"1376","","",NA,NA
"1377","","",NA,NA
"1378","","",NA,NA
"1379","","",NA,NA
"1380","","",NA,NA
"1381","","",NA,NA
"1382","","",NA,NA
"1383","","",NA,NA
"1384","","",NA,NA
"1385","","",NA,NA
"1386","","",NA,NA
"1387","","",NA,NA
"1388","","",NA,NA
"1389","","",NA,NA
"1390","","",NA,NA
"1391","","",NA,NA
"1392","","",NA,NA
"1393","","",NA,NA
"1394","","",NA,NA
"1395","","",NA,NA
"1396","","",NA,NA
"1397","","",NA,NA
"1398","","",NA,NA
"1399","","",NA,NA
"1400","","",NA,NA
"1401","","",NA,NA
"1402","","",NA,NA
"1403","","",NA,NA
"1404","","",NA,NA
"1405","","",NA,NA
"1406","","",NA,NA
"1407","","",NA,NA
"1408","","",NA,NA
"1409","","",NA,NA
"1410","","",NA,NA
"1411","","",NA,NA
"1412","","",NA,NA
"1413","","",NA,NA
"1414","","",NA,NA
"1415","","",NA,NA
"1416","","",NA,NA
"1417","","",NA,NA
"1418","","",NA,NA
"1419","","",NA,NA
"1420","","",NA,NA
"1421","","",NA,NA
"1422","","",NA,NA
"1423","","",NA,NA
"1424","","",NA,NA
"1425","","",NA,NA
"1426","","",NA,NA
"1427","","",NA,NA
"1428","","",NA,NA
"1429","","",NA,NA
"1430","","",NA,NA
"1431","","",NA,NA
"1432","","",NA,NA
"1433","","",NA,NA
"1434","","",NA,NA
"1435","","",NA,NA
"1436","","",NA,NA
"1437","","",NA,NA
"1438","","",NA,NA
"1439","","",NA,NA
"1440","","",NA,NA
"1441","","",NA,NA
"1442","","",NA,NA
"1443","","",NA,NA
"1444","","",NA,NA
"1445","","",NA,NA
"1446","","",NA,NA
"1447","","",NA,NA
"1448","","",NA,NA
"1449","","",NA,NA
"1450","","",NA,NA
"1451","","",NA,NA
"1452","","",NA,NA
"1453","","",NA,NA
"1454","","",NA,NA
"1455","","",NA,NA
"1456","","",NA,NA
"1457","","",NA,NA
"1458","","",NA,NA
"1459","","",NA,NA
"1460","","",NA,NA
"1461","","",NA,NA
"1462","","",NA,NA
"1463","","",NA,NA
"1464","","",NA,NA
"1465","","",NA,NA
"1466","","",NA,NA
"1467","","",NA,NA
"1468","","",NA,NA
"1469","","",NA,NA
"1470","","",NA,NA
"1471","","",NA,NA
"1472","","",NA,NA
"1473","","",NA,NA
"1474","","",NA,NA
"1475","","",NA,NA
"1476","","",NA,NA
"1477","","",NA,NA
"1478","","",NA,NA
"1479","","",NA,NA
"1480","","",NA,NA
"1481","","",NA,NA
"1482","","",NA,NA
"1483","","",NA,NA
"1484","","",NA,NA
"1485","","",NA,NA
"1486","","",NA,NA
"1487","","",NA,NA
"1488","","",NA,NA
"1489","","",NA,NA
"1490","","",NA,NA
"1491","","",NA,NA
"1492","","",NA,NA
"1493","","",NA,NA
"1494","","",NA,NA
"1495","","",NA,NA
"1496","","",NA,NA
"1497","","",NA,NA
"1498","","",NA,NA
"1499","","",NA,NA
"1500","","",NA,NA
"1501","","",NA,NA
"1502","","",NA,NA
"1503","","",NA,NA
"1504","","",NA,NA
"1505","","",NA,NA
"1506","","",NA,NA
"1507","","",NA,NA
"1508","","",NA,NA
"1509","","",NA,NA
"1510","","",NA,NA
"1511","","",NA,NA
"1512","","",NA,NA
"1513","","",NA,NA
"1514","","",NA,NA
"1515","","",NA,NA
"1516","","",NA,NA
"1517","","",NA,NA
"1518","","",NA,NA
"1519","","",NA,NA
"1520","","",NA,NA
"1521","","",NA,NA
"1522","","",NA,NA
"1523","","",NA,NA
"1524","","",NA,NA
"1525","","",NA,NA
"1526","","",NA,NA
"1527","","",NA,NA
"1528","","",NA,NA
"1529","","",NA,NA
"1530","","",NA,NA
"1531","","",NA,NA
"1532","","",NA,NA
"1533","","",NA,NA
"1534","","",NA,NA
"1535","","",NA,NA
"1536","","",NA,NA
"1537","","",NA,NA
"1538","","",NA,NA
"1539","","",NA,NA
"1540","","",NA,NA
"1541","","",NA,NA
"1542","","",NA,NA
"1543","","",NA,NA
"1544","","",NA,NA
"1545","","",NA,NA
"1546","","",NA,NA
"1547","","",NA,NA
"1548","","",NA,NA
"1549","","",NA,NA
"1550","","",NA,NA
"1551","","",NA,NA
"1552","","",NA,NA
"1553","","",NA,NA
"1554","","",NA,NA
"1555","","",NA,NA
"1556","","",NA,NA
"1557","","",NA,NA
"1558","","",NA,NA
"1559","","",NA,NA
"1560","","",NA,NA
"1561","","",NA,NA
"1562","","",NA,NA
"1563","","",NA,NA
"1564","","",NA,NA
"1565","","",NA,NA
"1566","","",NA,NA
"1567","","",NA,NA
"1568","","",NA,NA
"1569","","",NA,NA
"1570","","",NA,NA
"1571","","",NA,NA
"1572","","",NA,NA
"1573","","",NA,NA
"1574","","",NA,NA
"1575","","",NA,NA
"1576","","",NA,NA
"1577","","",NA,NA
"1578","","",NA,NA
"1579","","",NA,NA
"1580","","",NA,NA
"1581","","",NA,NA
"1582","","",NA,NA
"1583","","",NA,NA
"1584","","",NA,NA
"1585","","",NA,NA
"1586","","",NA,NA
"1587","","",NA,NA
"1588","","",NA,NA
"1589","","",NA,NA
"1590","","",NA,NA
"1591","","",NA,NA
"1592","","",NA,NA
"1593","","",NA,NA
"1594","","",NA,NA
"1595","","",NA,NA
"1596","","",NA,NA
"1597","","",NA,NA
"1598","","",NA,NA
"1599","","",NA,NA
"1600","","",NA,NA
"1601","","",NA,NA
"1602","","",NA,NA
"1603","","",NA,NA
"1604","","",NA,NA
"1605","","",NA,NA
"1606","","",NA,NA
"1607","","",NA,NA
"1608","","",NA,NA
"1609","","",NA,NA
"1610","","",NA,NA
"1611","","",NA,NA
"1612","","",NA,NA
"1613","","",NA,NA
"1614","","",NA,NA
"1615","","",NA,NA
"1616","","",NA,NA
"1617","","",NA,NA
"1618","","",NA,NA
"1619","","",NA,NA
"1620","","",NA,NA
"1621","","",NA,NA
"1622","","",NA,NA
"1623","","",NA,NA
"1624","","",NA,NA
"1625","","",NA,NA
"1626","","",NA,NA
"1627","","",NA,NA
"1628","","",NA,NA
"1629","","",NA,NA
"1630","","",NA,NA
"1631","","",NA,NA
"1632","","",NA,NA
"1633","","",NA,NA
"1634","","",NA,NA
"1635","","",NA,NA
"1636","","",NA,NA
"1637","","",NA,NA
"1638","","",NA,NA
"1639","","",NA,NA
"1640","","",NA,NA
"1641","","",NA,NA
"1642","","",NA,NA
"1643","","",NA,NA
"1644","","",NA,NA
"1645","","",NA,NA
"1646","","",NA,NA
"1647","","",NA,NA
"1648","","",NA,NA
"1649","","",NA,NA
"1650","","",NA,NA
"1651","","",NA,NA
"1652","","",NA,NA
"1653","","",NA,NA
"1654","","",NA,NA
"1655","","",NA,NA
"1656","","",NA,NA
"1657","","",NA,NA
"1658","","",NA,NA
"1659","","",NA,NA
"1660","","",NA,NA
"1661","","",NA,NA
"1662","","",NA,NA
"1663","","",NA,NA
"1664","","",NA,NA
"1665","","",NA,NA
"1666","","",NA,NA
"1667","","",NA,NA
"1668","","",NA,NA
"1669","","",NA,NA
"1670","","",NA,NA
"1671","","",NA,NA
"1672","","",NA,NA
"1673","","",NA,NA
"1674","","",NA,NA
"1675","","",NA,NA
"1676","","",NA,NA
"1677","","",NA,NA
"1678","","",NA,NA
"1679","","",NA,NA
"1680","","",NA,NA
"1681","","",NA,NA
"1682","","",NA,NA
"1683","","",NA,NA
"1684","","",NA,NA
"1685","","",NA,NA
"1686","","",NA,NA
"1687","","",NA,NA
"1688","","",NA,NA
"1689","","",NA,NA
"1690","","",NA,NA
"1691","","",NA,NA
"1692","","",NA,NA
"1693","","",NA,NA
"1694","","",NA,NA
"1695","","",NA,NA
"1696","","",NA,NA
"1697","","",NA,NA
"1698","","",NA,NA
"1699","","",NA,NA
"1700","","",NA,NA
"1701","","",NA,NA
"1702","","",NA,NA
"1703","","",NA,NA
"1704","","",NA,NA
"1705","","",NA,NA
"1706","","",NA,NA
"1707","","",NA,NA
"1708","","",NA,NA
"1709","","",NA,NA
"1710","","",NA,NA
"1711","","",NA,NA
"1712","","",NA,NA
"1713","","",NA,NA
"1714","","",NA,NA
"1715","","",NA,NA
"1716","","",NA,NA
"1717","","",NA,NA
"1718","","",NA,NA
"1719","","",NA,NA
"1720","","",NA,NA
"1721","","",NA,NA
"1722","","",NA,NA
"1723","","",NA,NA
"1724","","",NA,NA
"1725","","",NA,NA
"1726","","",NA,NA
"1727","","",NA,NA
"1728","","",NA,NA
"1729","","",NA,NA
"1730","","",NA,NA
"1731","","",NA,NA
"1732","","",NA,NA
"1733","","",NA,NA
"1734","","",NA,NA
"1735","","",NA,NA
"1736","","",NA,NA
"1737","","",NA,NA
"1738","","",NA,NA
"1739","","",NA,NA
"1740","","",NA,NA
"1741","","",NA,NA
"1742","","",NA,NA
"1743","","",NA,NA
"1744","","",NA,NA
"1745","","",NA,NA
"1746","","",NA,NA
"1747","","",NA,NA
"1748","","",NA,NA
"1749","","",NA,NA
"1750","","",NA,NA
"1751","","",NA,NA
"1752","","",NA,NA
"1753","","",NA,NA
"1754","","",NA,NA
"1755","","",NA,NA
"1756","","",NA,NA
"1757","","",NA,NA
"1758","","",NA,NA
"1759","","",NA,NA
"1760","","",NA,NA
"1761","","",NA,NA
"1762","","",NA,NA
"1763","","",NA,NA
"1764","","",NA,NA
"1765","","",NA,NA
"1766","","",NA,NA
"1767","","",NA,NA
"1768","","",NA,NA
"1769","","",NA,NA
"1770","","",NA,NA
"1771","","",NA,NA
"1772","","",NA,NA
"1773","","",NA,NA
"1774","","",NA,NA
"1775","","",NA,NA
"1776","","",NA,NA
"1777","","",NA,NA
"1778","","",NA,NA
"1779","","",NA,NA
"1780","","",NA,NA
"1781","","",NA,NA
"1782","","",NA,NA
"1783","","",NA,NA
"1784","","",NA,NA
"1785","","",NA,NA
"1786","","",NA,NA
"1787","","",NA,NA
"1788","","",NA,NA
"1789","","",NA,NA
"1790","","",NA,NA
"1791","","",NA,NA
"1792","","",NA,NA
"1793","","",NA,NA
"1794","","",NA,NA
"1795","","",NA,NA
"1796","","",NA,NA
"1797","","",NA,NA
"1798","","",NA,NA
"1799","","",NA,NA
"1800","","",NA,NA
"1801","","",NA,NA
"1802","","",NA,NA
"1803","","",NA,NA
"1804","","",NA,NA
"1805","","",NA,NA
"1806","","",NA,NA
"1807","","",NA,NA
"1808","","",NA,NA
"1809","","",NA,NA
"1810","","",NA,NA
"1811","","",NA,NA
"1812","","",NA,NA
"1813","","",NA,NA
"1814","","",NA,NA
"1815","","",NA,NA
"1816","","",NA,NA
"1817","","",NA,NA
"1818","","",NA,NA
"1819","","",NA,NA
"1820","","",NA,NA
"1821","","",NA,NA
"1822","","",NA,NA
"1823","","",NA,NA
"1824","","",NA,NA
"1825","","",NA,NA
"1826","","",NA,NA
"1827","","",NA,NA
"1828","","",NA,NA
"1829","","",NA,NA
"1830","","",NA,NA
"1831","","",NA,NA
"1832","","",NA,NA
"1833","","",NA,NA
"1834","","",NA,NA
"1835","","",NA,NA
"1836","","",NA,NA
"1837","","",NA,NA
"1838","","",NA,NA
"1839","","",NA,NA
"1840","","",NA,NA
"1841","","",NA,NA
"1842","","",NA,NA
"1843","","",NA,NA
"1844","","",NA,NA
"1845","","",NA,NA
"1846","","",NA,NA
"1847","","",NA,NA
"1848","","",NA,NA
"1849","","",NA,NA
"1850","","",NA,NA
"1851","","",NA,NA
"1852","","",NA,NA
"1853","","",NA,NA
"1854","","",NA,NA
"1855","","",NA,NA
"1856","","",NA,NA
"1857","","",NA,NA
"1858","","",NA,NA
"1859","","",NA,NA
"1860","","",NA,NA
"1861","","",NA,NA
"1862","","",NA,NA
"1863","","",NA,NA
"1864","","",NA,NA
"1865","","",NA,NA
"1866","","",NA,NA
"1867","","",NA,NA
"1868","","",NA,NA
"1869","","",NA,NA
"1870","","",NA,NA
"1871","","",NA,NA
"1872","","",NA,NA
"1873","","",NA,NA
"1874","","",NA,NA
"1875","","",NA,NA
"1876","","",NA,NA
"1877","","",NA,NA
"1878","","",NA,NA
"1879","","",NA,NA
"1880","","",NA,NA
"1881","","",NA,NA
"1882","","",NA,NA
"1883","","",NA,NA
"1884","","",NA,NA
"1885","","",NA,NA
"1886","","",NA,NA
"1887","","",NA,NA
"1888","","",NA,NA
"1889","","",NA,NA
"1890","","",NA,NA
"1891","","",NA,NA
"1892","","",NA,NA
"1893","","",NA,NA
"1894","","",NA,NA
"1895","","",NA,NA
"1896","","",NA,NA
"1897","","",NA,NA
"1898","","",NA,NA
"1899","","",NA,NA
"1900","","",NA,NA
"1901","","",NA,NA
"1902","","",NA,NA
"1903","","",NA,NA
"1904","","",NA,NA
"1905","","",NA,NA
"1906","","",NA,NA
"1907","","",NA,NA
"1908","","",NA,NA
"1909","","",NA,NA
"1910","","",NA,NA
"1911","","",NA,NA
"1912","","",NA,NA
"1913","","",NA,NA
"1914","","",NA,NA
"1915","","",NA,NA
"1916","","",NA,NA
"1917","","",NA,NA
"1918","","",NA,NA
"1919","","",NA,NA
"1920","","",NA,NA
"1921","","",NA,NA
"1922","","",NA,NA
"1923","","",NA,NA
"1924","","",NA,NA
"1925","","",NA,NA
"1926","","",NA,NA
"1927","","",NA,NA
"1928","","",NA,NA
"1929","","",NA,NA
"1930","","",NA,NA
"1931","","",NA,NA
"1932","","",NA,NA
"1933","","",NA,NA
"1934","","",NA,NA
"1935","","",NA,NA
"1936","","",NA,NA
"1937","","",NA,NA
"1938","","",NA,NA
"1939","","",NA,NA
"1940","","",NA,NA
"1941","","",NA,NA
"1942","","",NA,NA
"1943","","",NA,NA
"1944","","",NA,NA
"1945","","",NA,NA
"1946","","",NA,NA
"1947","","",NA,NA
"1948","","",NA,NA
"1949","","",NA,NA
"1950","","",NA,NA
"1951","","",NA,NA
"1952","","",NA,NA
"1953","","",NA,NA
"1954","","",NA,NA
"1955","","",NA,NA
"1956","","",NA,NA
"1957","","",NA,NA
"1958","","",NA,NA
"1959","","",NA,NA
"1960","","",NA,NA
"1961","","",NA,NA
"1962","","",NA,NA
"1963","","",NA,NA
"1964","","",NA,NA
"1965","","",NA,NA
"1966","","",NA,NA
"1967","","",NA,NA
"1968","","",NA,NA
"1969","","",NA,NA
"1970","","",NA,NA
"1971","","",NA,NA
"1972","","",NA,NA
"1973","","",NA,NA
"1974","","",NA,NA
"1975","","",NA,NA
"1976","","",NA,NA
"1977","","",NA,NA
"1978","","",NA,NA
"1979","","",NA,NA
"1980","","",NA,NA
"1981","","",NA,NA
"1982","","",NA,NA
"1983","","",NA,NA
"1984","","",NA,NA
"1985","","",NA,NA
"1986","","",NA,NA
"1987","","",NA,NA
"1988","","",NA,NA
"1989","","",NA,NA
"1990","","",NA,NA
"1991","","",NA,NA
"1992","","",NA,NA
"1993","","",NA,NA
"1994","","",NA,NA
"1995","","",NA,NA
"1996","","",NA,NA
"1997","","",NA,NA
"1998","","",NA,NA
"1999","","",NA,NA
"2000","","",NA,NA
"2001","","",NA,NA
"2002","","",NA,NA
"2003","","",NA,NA
"2004","","",NA,NA
"2005","","",NA,NA
"2006","","",NA,NA
"2007","","",NA,NA
"2008","","",NA,NA
"2009","","",NA,NA
"2010","","",NA,NA
"2011","","",NA,NA
"2012","","",NA,NA
"2013","","",NA,NA
"2014","","",NA,NA
"2015","","",NA,NA
"2016","","",NA,NA
"2017","","",NA,NA
"2018","","",NA,NA
"2019","","",NA,NA
"2020","","",NA,NA
"2021","","",NA,NA
"2022","","",NA,NA
"2023","","",NA,NA
"2024","","",NA,NA
"2025","","",NA,NA
"2026","","",NA,NA
"2027","","",NA,NA
"2028","","",NA,NA
"2029","","",NA,NA
"2030","","",NA,NA
"2031","","",NA,NA
"2032","","",NA,NA
"2033","","",NA,NA
"2034","","",NA,NA
"2035","","",NA,NA
"2036","","",NA,NA
"2037","","",NA,NA
"2038","","",NA,NA
"2039","","",NA,NA
"2040","","",NA,NA
"2041","","",NA,NA
"2042","","",NA,NA
"2043","","",NA,NA
"2044","","",NA,NA
"2045","","",NA,NA
"2046","","",NA,NA
"2047","","",NA,NA
"2048","","",NA,NA
"2049","","",NA,NA
"2050","","",NA,NA
"2051","","",NA,NA
"2052","","",NA,NA
"2053","","",NA,NA
"2054","","",NA,NA
"2055","","",NA,NA
"2056","","",NA,NA
"2057","","",NA,NA
"2058","","",NA,NA
"2059","","",NA,NA
"2060","","",NA,NA
"2061","","",NA,NA
"2062","","",NA,NA
"2063","","",NA,NA
"2064","","",NA,NA
"2065","","",NA,NA
"2066","","",NA,NA
"2067","","",NA,NA
"2068","","",NA,NA
"2069","","",NA,NA
"2070","","",NA,NA
"2071","","",NA,NA
"2072","","",NA,NA
"2073","","",NA,NA
"2074","","",NA,NA
"2075","","",NA,NA
"2076","","",NA,NA
"2077","","",NA,NA
"2078","","",NA,NA
"2079","","",NA,NA
"2080","","",NA,NA
"2081","","",NA,NA
"2082","","",NA,NA
"2083","","",NA,NA
"2084","","",NA,NA
"2085","","",NA,NA
"2086","","",NA,NA
"2087","","",NA,NA
"2088","","",NA,NA
"2089","","",NA,NA
"2090","","",NA,NA
"2091","","",NA,NA
"2092","","",NA,NA
"2093","","",NA,NA
"2094","","",NA,NA
"2095","","",NA,NA
"2096","","",NA,NA
"2097","","",NA,NA
"2098","","",NA,NA
"2099","","",NA,NA
"2100","","",NA,NA
"2101","","",NA,NA
"2102","","",NA,NA
"2103","","",NA,NA
"2104","","",NA,NA
"2105","","",NA,NA
"2106","","",NA,NA
"2107","","",NA,NA
"2108","","",NA,NA
"2109","","",NA,NA
"2110","","",NA,NA
"2111","","",NA,NA
"2112","","",NA,NA
"2113","","",NA,NA
"2114","","",NA,NA
"2115","","",NA,NA
"2116","","",NA,NA
"2117","","",NA,NA
"2118","","",NA,NA
"2119","","",NA,NA
"2120","","",NA,NA
"2121","","",NA,NA
"2122","","",NA,NA
"2123","","",NA,NA
"2124","","",NA,NA
"2125","","",NA,NA
"2126","","",NA,NA
"2127","","",NA,NA
"2128","","",NA,NA
"2129","","",NA,NA
"2130","","",NA,NA
"2131","","",NA,NA
"2132","","",NA,NA
"2133","","",NA,NA
"2134","","",NA,NA
"2135","","",NA,NA
"2136","","",NA,NA
"2137","","",NA,NA
"2138","","",NA,NA
"2139","","",NA,NA
"2140","","",NA,NA
"2141","","",NA,NA
"2142","","",NA,NA
"2143","","",NA,NA
"2144","","",NA,NA
"2145","","",NA,NA
"2146","","",NA,NA
"2147","","",NA,NA
"2148","","",NA,NA
"2149","","",NA,NA
"2150","","",NA,NA
"2151","","",NA,NA
"2152","","",NA,NA
"2153","","",NA,NA
"2154","","",NA,NA
"2155","","",NA,NA
"2156","","",NA,NA
"2157","","",NA,NA
"2158","","",NA,NA
"2159","","",NA,NA
"2160","","",NA,NA
"2161","","",NA,NA
"2162","","",NA,NA
"2163","","",NA,NA
"2164","","",NA,NA
"2165","","",NA,NA
"2166","","",NA,NA
"2167","","",NA,NA
"2168","","",NA,NA
"2169","","",NA,NA
"2170","","",NA,NA
"2171","","",NA,NA
"2172","","",NA,NA
"2173","","",NA,NA
"2174","","",NA,NA
"2175","","",NA,NA
"2176","","",NA,NA
"2177","","",NA,NA
"2178","","",NA,NA
"2179","","",NA,NA
"2180","","",NA,NA
"2181","","",NA,NA
"2182","","",NA,NA
"2183","","",NA,NA
"2184","","",NA,NA
"2185","","",NA,NA
"2186","","",NA,NA
"2187","","",NA,NA
"2188","","",NA,NA
"2189","","",NA,NA
"2190","","",NA,NA
"2191","","",NA,NA
"2192","","",NA,NA
"2193","","",NA,NA
"2194","","",NA,NA
"2195","","",NA,NA
"2196","","",NA,NA
"2197","","",NA,NA
"2198","","",NA,NA
"2199","","",NA,NA
"2200","","",NA,NA
"2201","","",NA,NA
"2202","","",NA,NA
"2203","","",NA,NA
"2204","","",NA,NA
"2205","","",NA,NA
"2206","","",NA,NA
"2207","","",NA,NA
"2208","","",NA,NA
"2209","","",NA,NA
"2210","","",NA,NA
"2211","","",NA,NA
"2212","","",NA,NA
"2213","","",NA,NA
"2214","","",NA,NA
"2215","","",NA,NA
"2216","","",NA,NA
"2217","","",NA,NA
"2218","","",NA,NA
"2219","","",NA,NA
"2220","","",NA,NA
"2221","","",NA,NA
"2222","","",NA,NA
"2223","","",NA,NA
"2224","","",NA,NA
"2225","","",NA,NA
"2226","","",NA,NA
"2227","","",NA,NA
"2228","","",NA,NA
"2229","","",NA,NA
"2230","","",NA,NA
"2231","","",NA,NA
"2232","","",NA,NA
"2233","","",NA,NA
"2234","","",NA,NA
"2235","","",NA,NA
"2236","","",NA,NA
"2237","","",NA,NA
"2238","","",NA,NA
"2239","","",NA,NA
"2240","","",NA,NA
"2241","","",NA,NA
"2242","","",NA,NA
"2243","","",NA,NA
"2244","","",NA,NA
"2245","","",NA,NA
"2246","","",NA,NA
"2247","","",NA,NA
"2248","","",NA,NA
"2249","","",NA,NA
"2250","","",NA,NA
"2251","","",NA,NA
"2252","","",NA,NA
"2253","","",NA,NA
"2254","","",NA,NA
"2255","","",NA,NA
"2256","","",NA,NA
"2257","","",NA,NA
"2258","","",NA,NA
"2259","","",NA,NA
"2260","","",NA,NA
"2261","","",NA,NA
"2262","","",NA,NA
"2263","","",NA,NA
"2264","","",NA,NA
"2265","","",NA,NA
"2266","","",NA,NA
